Condition	Year	Make	Model	VIN	Advertiser Name	Color	Description	Doors	Drivetrain	Formatted Price	Fuel Type	Image Type	Image URL	Mileage	Price	Title	Transmission	Trim	Type	URL	Vehicle Type	stock_number
New	2024	Hyundai	Ioniq 5	KM8KRDDF3RU249012	World Hyundai of Matteson	White	New 2024 Hyundai Ioniq 5	4	AWD	$59,277	Electric	Stock	https://storage.googleapis.com/wackk-images-production-4f204ab/qnahp9rkvpo3adppu9kjfph2slto	10	$59,277.00	New 2024 Hyundai Ioniq 5 Limited AWD	Automatic	Limited AWD	SUV	https://worldhyundaimatteson.com/inventory/--Hyundai-KM8KRDDF3RU249012	Car_Truck	25713
New	2024	Hyundai	Ioniq 6	KMHM34AC1RA060199	World Hyundai of Matteson	Grey	New 2024 Hyundai Ioniq 6	4	RWD	$51,378	Electric	Stock	https://storage.googleapis.com/wackk-images-production-4f204ab/olfqnfy1akji412u72x30v3riav5	12	$51,378.00	New 2024 Hyundai Ioniq 6 SEL AWD	Automatic	SEL AWD	Sedan	https://worldhyundaimatteson.com/inventory/--Hyundai-KMHM34AC1RA060199	Car_Truck	25881
New	2024	Hyundai	Palisade	KM8R3DGE8RU801493	World Hyundai of Matteson	Blue	New 2024 Hyundai Palisade	4	AWD	$44,028	Gasoline	Stock	https://storage.googleapis.com/wackk-images-production-4f204ab/0m3lz27eyc0h2pdha1m6uy7syjw8	119	$44,028.00	New 2024 Hyundai Palisade XRT AWD	Automatic	XRT AWD	SUV	https://worldhyundaimatteson.com/inventory/--Hyundai-KM8R3DGE8RU801493	Car_Truck	DT25256
New	2024	Hyundai	Palisade	KM8R4DGE8RU765916	World Hyundai of Matteson	Black	New 2024 Hyundai Palisade	4	AWD	$47,371	Gasoline	Stock	https://storage.googleapis.com/wackk-images-production-4f204ab/u3mpqm6s614mbrmercf4bauuy7ch	11	$47,371.00	New 2024 Hyundai Palisade SEL AWD	Automatic	SEL AWD	SUV	https://worldhyundaimatteson.com/inventory/--Hyundai-KM8R4DGE8RU765916	Car_Truck	26609
New	2024	Hyundai	Palisade	KM8R5DGE6RU737299	World Hyundai of Matteson	Brown	New 2024 Hyundai Palisade	4	FWD	$50,965	Gasoline	Stock	https://storage.googleapis.com/wackk-images-production-4f204ab/pycod922mc14ux49e07hqgk43rl3	20	$50,965.00	New 2024 Hyundai Palisade Limited AWD	Automatic	Limited AWD	SUV	https://worldhyundaimatteson.com/inventory/--Hyundai-KM8R5DGE6RU737299	Car_Truck	26240
New	2024	Hyundai	Palisade	KM8R7DGE3RU734273	World Hyundai of Matteson	White	New 2024 Hyundai Palisade	4	AWD	$54,633	Gasoline	Stock	https://storage.googleapis.com/wackk-images-production-4f204ab/bw46rtsmjdq7ltevw1h82pm3m9uy	2911	$54,633.00	New 2024 Hyundai Palisade Calligraphy Night Edition AWD	Automatic	Calligraphy Night Edition AWD	SUV	https://worldhyundaimatteson.com/inventory/--Hyundai-KM8R7DGE3RU734273	Car_Truck	26122
New	2024	Hyundai	Palisade	KM8R7DGE5RU765489	World Hyundai of Matteson	Green	New 2024 Hyundai Palisade	4	AWD	$54,612	Gasoline	Stock	https://storage.googleapis.com/wackk-images-production-4f204ab/ll5xds498q6nr5ybb3bxkhcz87th	31	$54,612.00	New 2024 Hyundai Palisade Calligraphy Night Edition AWD	Automatic	Calligraphy Night Edition AWD	SUV	https://worldhyundaimatteson.com/inventory/--Hyundai-KM8R7DGE5RU765489	Car_Truck	26657
New	2024	Hyundai	Palisade	KM8R7DGE9RU760764	World Hyundai of Matteson	White	New 2024 Hyundai Palisade	4	FWD	$54,597	Gasoline	Stock	https://storage.googleapis.com/wackk-images-production-4f204ab/vswwv2tmmjfot3t8giwodn6iee7m	9	$54,597.00	New 2024 Hyundai Palisade Calligraphy Night Edition	Automatic	Calligraphy Night Edition	SUV	https://worldhyundaimatteson.com/inventory/--Hyundai-KM8R7DGE9RU760764	Car_Truck	26529
New	2024	Hyundai	Palisade	KM8R7DGEXRU752897	World Hyundai of Matteson	Black	New 2024 Hyundai Palisade	4	AWD	$52,752	Gasoline	Stock	https://storage.googleapis.com/wackk-images-production-4f204ab/1u6do6sdhp6egog5qfcb4hbgv6vt	476	$52,752.00	New 2024 Hyundai Palisade Calligraphy AWD	Automatic	Calligraphy AWD	SUV	https://worldhyundaimatteson.com/inventory/--Hyundai-KM8R7DGEXRU752897	Car_Truck	26471
New	2024	Hyundai	Palisade	KM8R7DGEXRU757050	World Hyundai of Matteson	Black	New 2024 Hyundai Palisade	4	AWD	$53,135	Gasoline	Stock	https://storage.googleapis.com/wackk-images-production-4f204ab/fcigppofsa9rcqjwlh4ophhtl9cp	23	$53,135.00	New 2024 Hyundai Palisade Calligraphy AWD	Automatic	Calligraphy AWD	SUV	https://worldhyundaimatteson.com/inventory/--Hyundai-KM8R7DGEXRU757050	Car_Truck	26483
New	2024	Hyundai	Santa Cruz	5NTJEDDF2RH122890	World Hyundai of Matteson	White	New 2024 Hyundai Santa Cruz	4	AWD	$42,425	Gasoline	Stock	https://storage.googleapis.com/wackk-images-production-4f204ab/lu4sdgwv721vv647ti7kn9wdty8a	16	$42,425.00	New 2024 Hyundai Santa Cruz Limited AWD	Automatic	Limited AWD	Truck	https://worldhyundaimatteson.com/inventory/--Hyundai-5NTJEDDF2RH122890	Car_Truck	26898
New	2024	Hyundai	Santa Fe	5NMP2DG19RH016032	World Hyundai of Matteson	Red	New 2024 Hyundai Santa Fe	4	AWD	$40,014	Gasoline	Stock	https://storage.googleapis.com/wackk-images-production-4f204ab/ropt7pxazkkzb5pcdq51oyiaefv4	16	$40,014.00	New 2024 Hyundai Santa Fe SEL HEV	Automatic	SEL HEV	SUV	https://worldhyundaimatteson.com/inventory/--Hyundai-5NMP2DG19RH016032	Car_Truck	27130
New	2024	Hyundai	Santa Fe	5NMP5DGL0RH048828	World Hyundai of Matteson	Black	New 2024 Hyundai Santa Fe	4	AWD	$48,745	Gasoline	Dealer	https://storage.googleapis.com/wackk-images-production-4f204ab/fxm25i535k6ri7lmgjyat5qs8w6m	625	$48,745.00	New 2024 Hyundai Santa Fe Calligraphy AWD	Automatic	Calligraphy AWD	SUV	https://worldhyundaimatteson.com/inventory/--Hyundai-5NMP5DGL0RH048828	Car_Truck	26867
New	2024	Hyundai	Santa Fe	5NMP5DGL1RH051706	World Hyundai of Matteson	Grey	New 2024 Hyundai Santa Fe	4	AWD	$48,743	Gasoline	Stock	https://storage.googleapis.com/wackk-images-production-4f204ab/2ymrbff81fxlua9yuzo6futu5fyd	7	$48,743.00	New 2024 Hyundai Santa Fe Calligraphy AWD	Automatic	Calligraphy AWD	SUV	https://worldhyundaimatteson.com/inventory/--Hyundai-5NMP5DGL1RH051706	Car_Truck	26891
New	2024	Hyundai	Santa Fe	5NMP5DGL3RH067292	World Hyundai of Matteson	White	New 2024 Hyundai Santa Fe	4	AWD	$49,198	Gasoline	Stock	https://storage.googleapis.com/wackk-images-production-4f204ab/576x2i4jtlc1nwaf8dvh6onthv0o	12	$49,198.00	New 2024 Hyundai Santa Fe Calligraphy AWD	Automatic	Calligraphy AWD	SUV	https://worldhyundaimatteson.com/inventory/--Hyundai-5NMP5DGL3RH067292	Car_Truck	27181
New	2024	Hyundai	Santa Fe	5NMP5DGL5RH065835	World Hyundai of Matteson	Brown	New 2024 Hyundai Santa Fe	4	AWD	$49,909	Gasoline	Dealer	https://storage.googleapis.com/wackk-images-production-4f204ab/wfmga848to084a68h8a9qykd0769	6	$49,909.00	New 2024 Hyundai Santa Fe Calligraphy AWD	Automatic	Calligraphy AWD	SUV	https://worldhyundaimatteson.com/inventory/--Hyundai-5NMP5DGL5RH065835	Car_Truck	27133
New	2024	Hyundai	Santa Fe	5NMP5DGL9RH062159	World Hyundai of Matteson	White	New 2024 Hyundai Santa Fe	4	AWD	$48,769	Gasoline	Stock	https://storage.googleapis.com/wackk-images-production-4f204ab/hb13gw8nx3qunceg5stwphpyli3s	13	$48,769.00	New 2024 Hyundai Santa Fe Calligraphy AWD	Automatic	Calligraphy AWD	SUV	https://worldhyundaimatteson.com/inventory/--Hyundai-5NMP5DGL9RH062159	Car_Truck	27110
New	2024	Hyundai	Tucson	5NMJECDE3RH437937	World Hyundai of Matteson	Burgundy	New 2024 Hyundai Tucson	4	AWD	$39,202	Gasoline	Stock	https://storage.googleapis.com/wackk-images-production-4f204ab/x50s44o3ow50frgs2r80i5heaaiu	9	$39,202.00	New 2024 Hyundai Tucson Limited AWD	Automatic	Limited AWD	SUV	https://worldhyundaimatteson.com/inventory/--Hyundai-5NMJECDE3RH437937	Car_Truck	26989
New	2024	Hyundai	Tucson	5NMJECDE5RH434117	World Hyundai of Matteson	Burgundy	New 2024 Hyundai Tucson	4	FWD	$39,202	Gasoline	Stock	https://storage.googleapis.com/wackk-images-production-4f204ab/g0wnfqsr5d9ofzgrrtyxjum2hkzj	11	$39,202.00	New 2024 Hyundai Tucson Limited AWD	Automatic	Limited AWD	SUV	https://worldhyundaimatteson.com/inventory/--Hyundai-5NMJECDE5RH434117	Car_Truck	26966
New	2024	Hyundai	Tucson	5NMJECDEXRH393953	World Hyundai of Matteson	White	New 2024 Hyundai Tucson	4	AWD	$39,602	Gasoline	Stock	https://storage.googleapis.com/wackk-images-production-4f204ab/0nfbnmylif1p26rrkeemt05ajlp9	2917	$39,602.00	New 2024 Hyundai Tucson Limited AWD	Automatic	Limited AWD	SUV	https://worldhyundaimatteson.com/inventory/--Hyundai-5NMJECDEXRH393953	Car_Truck	26578
New	2024	Hyundai	Tucson Hybrid	KM8JECD10RU241262	World Hyundai of Matteson	Grey	New 2024 Hyundai Tucson Hybrid	4	AWD	$41,046	Electric	Stock	https://storage.googleapis.com/wackk-images-production-4f204ab/sfr95kmmy4xni3znjy9b6w2vwh5p	9	$41,046.00	New 2024 Hyundai Tucson Hybrid Limited AWD	Automatic	Limited AWD	SUV	https://worldhyundaimatteson.com/inventory/--Hyundai-KM8JECD10RU241262	Car_Truck	27103
New	2024	Hyundai	Tucson Hybrid	KM8JECD12RU234202	World Hyundai of Matteson		New 2024 Hyundai Tucson Hybrid	4	AWD	$41,138	Gasoline	Placeholder	https://storage.googleapis.com/wackk-images-production-4f204ab/4dfz35jmk8szauoay5c939kjw1xq	15	$41,138.00	New 2024 Hyundai Tucson Hybrid Limited AWD	Automatic	Limited AWD	SUV	https://worldhyundaimatteson.com/inventory/--Hyundai-KM8JECD12RU234202	Car_Truck	27025
New	2024	Hyundai	Tucson Hybrid	KM8JECD12RU234832	World Hyundai of Matteson		New 2024 Hyundai Tucson Hybrid	4	AWD	$41,598	Gasoline	Placeholder	https://storage.googleapis.com/wackk-images-production-4f204ab/svkpoqt6i6jcxqaz6vxi0mt37fdu	11	$41,598.00	New 2024 Hyundai Tucson Hybrid Limited AWD	Automatic	Limited AWD	SUV	https://worldhyundaimatteson.com/inventory/--Hyundai-KM8JECD12RU234832	Car_Truck	26940
New	2024	Hyundai	Tucson Hybrid	KM8JECD13RU242325	World Hyundai of Matteson	White	New 2024 Hyundai Tucson Hybrid	4	AWD	$41,078	Electric	Stock	https://storage.googleapis.com/wackk-images-production-4f204ab/r8s7ekimgrdih13tc97jfixvphlo	10	$41,078.00	New 2024 Hyundai Tucson Hybrid Limited AWD	Automatic	Limited AWD	SUV	https://worldhyundaimatteson.com/inventory/--Hyundai-KM8JECD13RU242325	Car_Truck	27023
New	2025	Hyundai	Palisade	KM8R24GE4SU819997	World Hyundai of Matteson	Black	New 2025 Hyundai Palisade	5	RWD	$40,248	Gasoline	Stock	https://storage.googleapis.com/wackk-images-production-4f204ab/vs84y2yaw1tolimk0gcg4b48x6l2	49	$40,248.00	New 2025 Hyundai Palisade SEL FWD		SEL FWD	SUV	https://worldhyundaimatteson.com/inventory/--Hyundai-KM8R24GE4SU819997	Car_Truck	DT27185
New	2025	Hyundai	Palisade	KM8R5DGE8SU826085	World Hyundai of Matteson	Grey	New 2025 Hyundai Palisade	5	RWD	$51,549	Gasoline	Stock	https://storage.googleapis.com/wackk-images-production-4f204ab/5p4xwyi0xpx5yqyztwwy9f5ljf1u	15	$51,549.00	New 2025 Hyundai Palisade Limited		Limited	SUV	https://worldhyundaimatteson.com/inventory/--Hyundai-KM8R5DGE8SU826085	Car_Truck	27115
New	2025	Hyundai	Palisade	KM8R7DGE2SU827307	World Hyundai of Matteson	Burgundy	New 2025 Hyundai Palisade	5	RWD	$53,426	Gasoline	Stock	https://storage.googleapis.com/wackk-images-production-4f204ab/gk8vx8kqhhfz5104o46x1v2v0sc8	9	$53,426.00	New 2025 Hyundai Palisade Calligraphy AWD		Calligraphy AWD	SUV	https://worldhyundaimatteson.com/inventory/--Hyundai-KM8R7DGE2SU827307	Car_Truck	27114
New	2025	Hyundai	Santa Fe	5NMP2DGL8SH071899	World Hyundai of Matteson	Grey	New 2025 Hyundai Santa Fe	5	4X4	$39,772	Gasoline	Dealer	https://storage.googleapis.com/wackk-images-production-4f204ab/e90os3yuqf13anipwi0h4cxpf2q6	9	$39,772.00	New 2025 Hyundai Santa Fe SEL AWD		SEL AWD	SUV	https://worldhyundaimatteson.com/inventory/--Hyundai-5NMP2DGL8SH071899	Car_Truck	27215
New	2025	Hyundai	Santa Fe	5NMP2DGL8SH074656	World Hyundai of Matteson	Grey	New 2025 Hyundai Santa Fe	5	4X4	$39,241	Gasoline	Dealer	https://storage.googleapis.com/wackk-images-production-4f204ab/e90os3yuqf13anipwi0h4cxpf2q6	0	$39,241.00	New 2025 Hyundai Santa Fe SEL AWD		SEL AWD	SUV	https://worldhyundaimatteson.com/inventory/--Hyundai-5NMP2DGL8SH074656	Car_Truck	27259
New	2025	Hyundai	Santa Fe	5NMP5DG19SH017565	World Hyundai of Matteson	White	New 2025 Hyundai Santa Fe	5	4X4	$50,627	Gasoline	Stock	https://storage.googleapis.com/wackk-images-production-4f204ab/a1ub1j0idiooa71mkbdukxh5ecwu	8	$50,627.00	New 2025 Hyundai Santa Fe Calligraphy		Calligraphy	SUV	https://worldhyundaimatteson.com/inventory/--Hyundai-5NMP5DG19SH017565	Car_Truck	27251
New	2025	Hyundai	Santa Fe	5NMP5DGL0SH071600	World Hyundai of Matteson	Grey	New 2025 Hyundai Santa Fe	5	4X4	$48,976	Gasoline	Dealer	https://storage.googleapis.com/wackk-images-production-4f204ab/e90os3yuqf13anipwi0h4cxpf2q6	13	$48,976.00	New 2025 Hyundai Santa Fe Calligraphy AWD		Calligraphy AWD	SUV	https://worldhyundaimatteson.com/inventory/--Hyundai-5NMP5DGL0SH071600	Car_Truck	27202
New	2025	Hyundai	Santa Fe	5NMP5DGL3SH068741	World Hyundai of Matteson	Grey	New 2025 Hyundai Santa Fe	5	4X4	$49,458	Gasoline	Dealer	https://storage.googleapis.com/wackk-images-production-4f204ab/e90os3yuqf13anipwi0h4cxpf2q6	9	$49,458.00	New 2025 Hyundai Santa Fe Calligraphy AWD		Calligraphy AWD	SUV	https://worldhyundaimatteson.com/inventory/--Hyundai-5NMP5DGL3SH068741	Car_Truck	27204
New	2025	Hyundai	Santa Fe	5NMP5DGL3SH070747	World Hyundai of Matteson	Grey	New 2025 Hyundai Santa Fe	5	RWD	$49,002	Gasoline	Dealer	https://storage.googleapis.com/wackk-images-production-4f204ab/e90os3yuqf13anipwi0h4cxpf2q6	8	$49,002.00	New 2025 Hyundai Santa Fe Calligraphy AWD		Calligraphy AWD	SUV	https://worldhyundaimatteson.com/inventory/--Hyundai-5NMP5DGL3SH070747	Car_Truck	27203
New	2025	Hyundai	Santa Fe Hybrid	5NMP3DG11SH017467	World Hyundai of Matteson	Grey	New 2025 Hyundai Santa Fe Hybrid	5	4X4	$47,530	Gasoline	Dealer	https://storage.googleapis.com/wackk-images-production-4f204ab/e90os3yuqf13anipwi0h4cxpf2q6	41	$47,530.00	New 2025 Hyundai Santa Fe Hybrid Limited AWD		Limited AWD	SUV	https://worldhyundaimatteson.com/inventory/--Hyundai-5NMP3DG11SH017467	Car_Truck	DT27293
New	2025	Hyundai	Santa Fe Hybrid	5NMP5DG14SH018302	World Hyundai of Matteson	White	New 2025 Hyundai Santa Fe Hybrid	5	RWD	$51,019	Gasoline	Stock	https://storage.googleapis.com/wackk-images-production-4f204ab/d0g930smhyzaaljaa3kwoelehfxp	6	$51,019.00	New 2025 Hyundai Santa Fe Hybrid Calligraphy AWD		Calligraphy AWD	SUV	https://worldhyundaimatteson.com/inventory/--Hyundai-5NMP5DG14SH018302	Car_Truck	27205
New	2025	Hyundai	Tucson	5NMJECDE9SH435521	World Hyundai of Matteson	White	New 2025 Hyundai Tucson	5	RWD	$40,573	Gasoline	Stock	https://storage.googleapis.com/wackk-images-production-4f204ab/hdpr7bbf7eq97alaa5ncimvo408m	412	$40,573.00	New 2025 Hyundai Tucson Limited AWD		Limited AWD	SUV	https://worldhyundaimatteson.com/inventory/--Hyundai-5NMJECDE9SH435521	Car_Truck	27134
Used	2015	Gmc	Canyon	1GTG5CE36F1233842	World Hyundai of Matteson	Grey	Used 2015 Gmc Canyon	4	RWD	$21,900	Gasoline	Dealer	https://storage.googleapis.com/wackk-images-production-4f204ab/mh7o9aonmlx85tsg95cyvsiz7zqc	81133	$21,900.00	Used 2015 Gmc Canyon 2WD Crew Cab 128.3 SLT	Automatic	2WD Crew Cab 128.3 SLT	Truck	https://worldhyundaimatteson.com/inventory/--Gmc-1GTG5CE36F1233842	Car_Truck	WV15148
Used	2015	Toyota	Highlander	5TDJKRFH3FS137813	World Hyundai of Matteson	Green	Used 2015 Toyota Highlander	4	AWD	$20,999	Gasoline	Dealer	https://storage.googleapis.com/wackk-images-production-4f204ab/rca8bcomwhz3gwcfzttxbxezb25l	71339	$20,999.00	Used 2015 Toyota Highlander AWD 4dr V6 XLE	Automatic	AWD 4dr V6 XLE	SUV	https://worldhyundaimatteson.com/inventory/--Toyota-5TDJKRFH3FS137813	Car_Truck	KV5561
Used	2017	Chevrolet	Malibu	1G1ZE5ST9HF291788	World Hyundai of Matteson	Grey	Used 2017 Chevrolet Malibu	4	FWD		Gasoline	Dealer	https://storage.googleapis.com/wackk-images-production-4f204ab/e90os3yuqf13anipwi0h4cxpf2q6	89955		Used 2017 Chevrolet Malibu 4dr Sdn LT w/1LT	Automatic	4dr Sdn LT w/1LT	Sedan	https://worldhyundaimatteson.com/inventory/--Chevrolet-1G1ZE5ST9HF291788	Car_Truck	25426A
Used	2017	Mazda	Mazda3 5-Door	JM1BN1M38H1116718	World Hyundai of Matteson	Grey	Used 2017 Mazda Mazda3 5-Door	5	FWD	$16,875	Gasoline	Stock	https://storage.googleapis.com/wackk-images-production-4f204ab/ozr3dmpyjz9ak51k2o1b4n449qd6	67393	$16,875.00	Used 2017 Mazda Mazda3 5-Door Grand Touring Manual	Manual	Grand Touring Manual	Hatchback	https://worldhyundaimatteson.com/inventory/--Mazda-JM1BN1M38H1116718	Car_Truck	KV5493
Used	2018	Cadillac	Xt5	1GYKNDRS0JZ177662	World Hyundai of Matteson	Grey	Used 2018 Cadillac Xt5	4	AWD	$23,500	Gasoline	Dealer	https://storage.googleapis.com/wackk-images-production-4f204ab/uy6kbpx1dhwfq8ltmmyc91b0xorm	54960	$23,500.00	Used 2018 Cadillac Xt5 AWD 4dr Luxury	Automatic	AWD 4dr Luxury	SUV	https://worldhyundaimatteson.com/inventory/--Cadillac-1GYKNDRS0JZ177662	Car_Truck	KV5538
Used	2018	Chevrolet	Silverado 1500	1GCVKREC2JZ206103	World Hyundai of Matteson	Grey	Used 2018 Chevrolet Silverado 1500	4	4X4	$30,999	Flex	Dealer	https://storage.googleapis.com/wackk-images-production-4f204ab/o83odu41vd72b7hggupey6u8k4m9	44617	$30,999.00	Used 2018 Chevrolet Silverado 1500 4WD Double Cab 143.5 LT w/2LT	Automatic	4WD Double Cab 143.5 LT w/2LT	Truck	https://worldhyundaimatteson.com/inventory/--Chevrolet-1GCVKREC2JZ206103	Car_Truck	WV15156
Used	2018	Dodge	Challenger	2C3CDZAG4JH322174	World Hyundai of Matteson	White	Used 2018 Dodge Challenger	2	RWD	$23,899	Gasoline	Dealer	https://storage.googleapis.com/wackk-images-production-4f204ab/g4hh3aya29dx0da8xqy231no7nfb	38869	$23,899.00	Used 2018 Dodge Challenger SXT Plus RWD	Automatic	SXT Plus RWD	Coupe	https://worldhyundaimatteson.com/inventory/--Dodge-2C3CDZAG4JH322174	Car_Truck	KV5513
Used	2018	Jeep	Compass	3C4NJCBB2JT502841	World Hyundai of Matteson	Grey	Used 2018 Jeep Compass		FWD			Stock	https://storage.googleapis.com/wackk-images-production-4f204ab/nmw8l5jhcc6rd1ec39m61puwll7n	84275		Used 2018 Jeep Compass Latitude FWD	Automatic	Latitude FWD	SUV	https://worldhyundaimatteson.com/inventory/--Jeep-3C4NJCBB2JT502841		15279A
Used	2018	Jeep	Grand Cherokee	1C4RJFBG7JC459799	World Hyundai of Matteson	White	Used 2018 Jeep Grand Cherokee	4	4X4	$21,900	Gasoline	Dealer	https://storage.googleapis.com/wackk-images-production-4f204ab/j0bm71ev7ucc9rv0d38noljkpkvl	79735	$21,900.00	Used 2018 Jeep Grand Cherokee Limited 4x4	Automatic	Limited 4x4	SUV	https://worldhyundaimatteson.com/inventory/--Jeep-1C4RJFBG7JC459799	Car_Truck	KV5425
Used	2018	Ram	1500	1C6RR7KG2JS258954	World Hyundai of Matteson	Black	Used 2018 Ram 1500	4	RWD	$23,900	Flex	Dealer	https://storage.googleapis.com/wackk-images-production-4f204ab/04dmq6yaunv8ua6nggu7lo6qg1f7	54639	$23,900.00	Used 2018 Ram 1500 Express 4x4 Crew Cab 5'7 Box	Automatic	Express 4x4 Crew Cab 5'7 Box	Truck	https://worldhyundaimatteson.com/inventory/--Ram-1C6RR7KG2JS258954	Car_Truck	KV5543
Used	2019	Alfa Romeo	Stelvio	ZASPAKBN1K7C30762	World Hyundai of Matteson	Red	Used 2019 Alfa Romeo Stelvio	4	AWD	$22,900	Gasoline	Dealer	https://storage.googleapis.com/wackk-images-production-4f204ab/g11i0xfo9khl4g8yu6o4kt5sv5z3	47169	$22,900.00	Used 2019 Alfa Romeo Stelvio Ti Sport AWD	Automatic	Ti Sport AWD	SUV	https://worldhyundaimatteson.com/inventory/--Alfa_Romeo-ZASPAKBN1K7C30762	Car_Truck	KV5464
Used	2019	Bmw	5 Series	WBAJA9C57KB399443	World Hyundai of Matteson	Grey	Used 2019 Bmw 5 Series	4	RWD	$25,900	Hybrid	Dealer	https://storage.googleapis.com/wackk-images-production-4f204ab/0fc7i91434z7l6s7d1e83u07mvsa	43006	$25,900.00	Used 2019 Bmw 5 Series 530e iPerformance Plug-In Hybrid	Automatic	530e iPerformance Plug-In Hybrid	Sedan	https://worldhyundaimatteson.com/inventory/--Bmw-WBAJA9C57KB399443	Car_Truck	KV5545
Used	2019	Bmw	X3	5UXTR9C56KLD93326	World Hyundai of Matteson	Blue	Used 2019 Bmw X3	4	AWD	$21,900	Gasoline	Dealer	https://storage.googleapis.com/wackk-images-production-4f204ab/0tzdr4m5nvy2v6ejbi5nng6i1255	73963	$21,900.00	Used 2019 Bmw X3 xDrive30i Sports Activity Vehicle	Automatic	xDrive30i Sports Activity Vehicle	SUV	https://worldhyundaimatteson.com/inventory/--Bmw-5UXTR9C56KLD93326	Car_Truck	KV5516
Used	2019	Chevrolet	Equinox	3GNAXKEV6KS568031	World Hyundai of Matteson	Grey	Used 2019 Chevrolet Equinox	4	FWD	$16,900	Gasoline	Dealer	https://storage.googleapis.com/wackk-images-production-4f204ab/e90os3yuqf13anipwi0h4cxpf2q6	70832	$16,900.00	Used 2019 Chevrolet Equinox FWD 4dr LT w/1LT	Automatic	FWD 4dr LT w/1LT	SUV	https://worldhyundaimatteson.com/inventory/--Chevrolet-3GNAXKEV6KS568031	Car_Truck	WV15134
Used	2019	Chevrolet	Equinox	3GNAXUEV5KL361880	World Hyundai of Matteson	Black	Used 2019 Chevrolet Equinox	4	FWD	$17,300	Gasoline	Dealer	https://storage.googleapis.com/wackk-images-production-4f204ab/emnzcz95eqmhf7jovy9kbpew6fpu	73398	$17,300.00	Used 2019 Chevrolet Equinox AWD 4dr LT w/1LT	Automatic	AWD 4dr LT w/1LT	SUV	https://worldhyundaimatteson.com/inventory/--Chevrolet-3GNAXUEV5KL361880	Car_Truck	KV5413
Used	2019	Chevrolet	Tahoe	1GNSKCKJ0KR235854	World Hyundai of Matteson	Grey	Used 2019 Chevrolet Tahoe	4	4X4	$45,800	Gasoline	Dealer	https://storage.googleapis.com/wackk-images-production-4f204ab/mfb3nk6egoutb4kqel6j3t300ym0	53208	$45,800.00	Used 2019 Chevrolet Tahoe 4WD 4dr Premier	Automatic	4WD 4dr Premier	SUV	https://worldhyundaimatteson.com/inventory/--Chevrolet-1GNSKCKJ0KR235854	Car_Truck	KV5514
Used	2019	Dodge	Durango	1C4RDJDG6KC768690	World Hyundai of Matteson	Blue	Used 2019 Dodge Durango	4	AWD	$24,900	Gasoline	Dealer	https://storage.googleapis.com/wackk-images-production-4f204ab/xfsglax6s4p3i6wfxc5x1wekp0t9	75410	$24,900.00	Used 2019 Dodge Durango GT AWD	Automatic	GT AWD	SUV	https://worldhyundaimatteson.com/inventory/--Dodge-1C4RDJDG6KC768690	Car_Truck	KV5565
Used	2019	Hyundai	Tucson	KM8J33AL0KU039331	World Hyundai of Matteson	Brown	Used 2019 Hyundai Tucson	4	AWD		Gasoline	Dealer	https://storage.googleapis.com/wackk-images-production-4f204ab/w7sbgnrvt95sma6juocdnypy3fuj	67285		Used 2019 Hyundai Tucson SEL FWD	Automatic	SEL FWD	SUV	https://worldhyundaimatteson.com/inventory/--Hyundai-KM8J33AL0KU039331	Car_Truck	25607A
Used	2019	Jeep	Compass	3C4NJDBB5KT849958	World Hyundai of Matteson	Grey	Used 2019 Jeep Compass	4	4X4		Gasoline	Dealer	https://storage.googleapis.com/wackk-images-production-4f204ab/e90os3yuqf13anipwi0h4cxpf2q6	71979		Used 2019 Jeep Compass Latitude 4x4		Latitude 4x4	SUV	https://worldhyundaimatteson.com/inventory/--Jeep-3C4NJDBB5KT849958	Car_Truck	WV15175
Used	2019	Jeep	Compass	3C4NJDCB5KT817767	World Hyundai of Matteson	Grey	Used 2019 Jeep Compass	4	4X4		Gasoline	Dealer	https://storage.googleapis.com/wackk-images-production-4f204ab/e90os3yuqf13anipwi0h4cxpf2q6	49922		Used 2019 Jeep Compass Limited 4x4	Automatic	Limited 4x4	SUV	https://worldhyundaimatteson.com/inventory/--Jeep-3C4NJDCB5KT817767	Car_Truck	WV15170
Used	2019	Nissan	Murano	5N1AZ2MS1KN131926	World Hyundai of Matteson	Grey	Used 2019 Nissan Murano	4	4X4	$22,699	Gasoline	Dealer	https://storage.googleapis.com/wackk-images-production-4f204ab/trzsk8krr4epmqkz62jas3354l1q	49567	$22,699.00	Used 2019 Nissan Murano AWD SL	Automatic	AWD SL	SUV	https://worldhyundaimatteson.com/inventory/--Nissan-5N1AZ2MS1KN131926	Car_Truck	WV15114
Used	2019	Porsche	Macan	WP1AA2A56KLB01258	World Hyundai of Matteson	Grey	Used 2019 Porsche Macan	4	AWD	$31,900	Gasoline	Dealer	https://storage.googleapis.com/wackk-images-production-4f204ab/c6uxotk4abxf9ff8019rakqnutgy	41603	$31,900.00	Used 2019 Porsche Macan AWD	Automatic	AWD	SUV	https://worldhyundaimatteson.com/inventory/--Porsche-WP1AA2A56KLB01258	Car_Truck	WV15144
Used	2020	Chevrolet	Equinox	2GNAXJEV7L6197357	World Hyundai of Matteson	White	Used 2020 Chevrolet Equinox	4	AWD	$18,652	Gasoline	Dealer	https://storage.googleapis.com/wackk-images-production-4f204ab/ztyr0mmt8l8egktarg7j3fo3wc9l	38065	$18,652.00	Used 2020 Chevrolet Equinox FWD 4dr LT w/2FL	Automatic	FWD 4dr LT w/2FL	SUV	https://worldhyundaimatteson.com/inventory/--Chevrolet-2GNAXJEV7L6197357	Car_Truck	WV14984
Used	2020	Dodge	Charger	2C3CDXBG2LH123713	World Hyundai of Matteson	Grey	Used 2020 Dodge Charger	4	RWD	$18,900	Gasoline	Dealer	https://storage.googleapis.com/wackk-images-production-4f204ab/e90os3yuqf13anipwi0h4cxpf2q6	65718	$18,900.00	Used 2020 Dodge Charger SXT RWD	Automatic	SXT RWD	Sedan	https://worldhyundaimatteson.com/inventory/--Dodge-2C3CDXBG2LH123713	Car_Truck	WV15154
Used	2020	Ford	Ecosport	MAJ6S3GL5LC357611	World Hyundai of Matteson	White	Used 2020 Ford Ecosport	4	4X4	$15,900	Gasoline	Stock	https://storage.googleapis.com/wackk-images-production-4f204ab/0c3lb900mh40yey6nfb5huv2vyf9	55769	$15,900.00	Used 2020 Ford Ecosport SE 4WD	Automatic	SE 4WD	Hatchback	https://worldhyundaimatteson.com/inventory/--Ford-MAJ6S3GL5LC357611	Car_Truck	KV5564
Used	2020	Ford	Escape	1FMCU9G60LUC37046	World Hyundai of Matteson	Blue	Used 2020 Ford Escape	4	FWD	$18,900	Gasoline	Dealer	https://storage.googleapis.com/wackk-images-production-4f204ab/3dnig41oupnbqvcx529jazzqookz	41735	$18,900.00	Used 2020 Ford Escape SE AWD	Automatic	SE AWD	SUV	https://worldhyundaimatteson.com/inventory/--Ford-1FMCU9G60LUC37046	Car_Truck	KV5544
Used	2020	Ford	Mustang	1FA6P8CF1L5169378	World Hyundai of Matteson	Black	Used 2020 Ford Mustang	2	RWD	$34,500	Gasoline	Dealer	https://storage.googleapis.com/wackk-images-production-4f204ab/o1lsr6s5f5wmzkfoqbfjm4hpw4dd	33757	$34,500.00	Used 2020 Ford Mustang value matchLevel none matchedWords	Manual	value matchLevel none matchedWords	Coupe	https://worldhyundaimatteson.com/inventory/--Ford-1FA6P8CF1L5169378	Car_Truck	KV5552
Used	2020	Jeep	Cherokee	1C4PJMDX0LD651765	World Hyundai of Matteson	Burgundy	Used 2020 Jeep Cherokee	4	4X4		Gasoline	Dealer	https://storage.googleapis.com/wackk-images-production-4f204ab/o33t54gzjxljn8if2wee87nexg79	72523		Used 2020 Jeep Cherokee Limited 4x4	Automatic	Limited 4x4	SUV	https://worldhyundaimatteson.com/inventory/--Jeep-1C4PJMDX0LD651765	Car_Truck	WV15163
Used	2020	Jeep	Grand Cherokee	1C4RJFBG0LC419938	World Hyundai of Matteson	Grey	Used 2020 Jeep Grand Cherokee	4	4X4	$26,900	Gasoline	Dealer	https://storage.googleapis.com/wackk-images-production-4f204ab/aozyfym6aylri9l8z7fo5ravohb9	26538	$26,900.00	Used 2020 Jeep Grand Cherokee Limited 4x4	Automatic	Limited 4x4	SUV	https://worldhyundaimatteson.com/inventory/--Jeep-1C4RJFBG0LC419938	Car_Truck	KV5554
Used	2020	Kia	Forte	3KPF34AD8LE260913	World Hyundai of Matteson	Orange	Used 2020 Kia Forte	4	FWD		Gasoline	Stock	https://storage.googleapis.com/wackk-images-production-4f204ab/omw2wxjjmv0642jpcp5rh6gvhdoz	41838		Used 2020 Kia Forte GT-Line IVT		GT-Line IVT	Sedan	https://worldhyundaimatteson.com/inventory/--Kia-3KPF34AD8LE260913	Car_Truck	15490A
Used	2020	Kia	Optima Hybrid	KNAGU4LE1L5038908	World Hyundai of Matteson	Black	Used 2020 Kia Optima Hybrid	4	FWD	$20,999	Gasoline	Stock	https://storage.googleapis.com/wackk-images-production-4f204ab/9y0llse3cn4pk58by4wb07idmm46	49887	$20,999.00	Used 2020 Kia Optima Hybrid EX Auto	Automatic	EX Auto	Sedan	https://worldhyundaimatteson.com/inventory/--Kia-KNAGU4LE1L5038908	Car_Truck	15500A
Used	2020	Kia	Sorento	5XYPG4A36LG623373	World Hyundai of Matteson	Grey	Used 2020 Kia Sorento	4	FWD		Gasoline	Dealer	https://storage.googleapis.com/wackk-images-production-4f204ab/ku4rc7e7deysts2pgtt0gva6htkt	72093		Used 2020 Kia Sorento LX FWD	Automatic	LX FWD	SUV	https://worldhyundaimatteson.com/inventory/--Kia-5XYPG4A36LG623373	Car_Truck	WV15164
Used	2020	Kia	Sportage	KNDPM3ACXL7679624	World Hyundai of Matteson	Grey	Used 2020 Kia Sportage	4	FWD	$16,900	Gasoline	Stock	https://storage.googleapis.com/wackk-images-production-4f204ab/jflhvrxo81i9zk2getfxalke0wwo		$16,900.00	Used 2020 Kia Sportage LX FWD	Automatic	LX FWD	SUV	https://worldhyundaimatteson.com/inventory/--Kia-KNDPM3ACXL7679624	Car_Truck	KV5454A
Used	2020	Lexus	Rx	2T2HZMDA4LC220783	World Hyundai of Matteson	Grey	Used 2020 Lexus Rx	4	4X4		Gasoline	Dealer	https://storage.googleapis.com/wackk-images-production-4f204ab/7x9zknugfvfiae89ylb5888w419i	63440		Used 2020 Lexus Rx RX 350 AWD	Automatic	RX 350 AWD	SUV	https://worldhyundaimatteson.com/inventory/--Lexus-2T2HZMDA4LC220783	Car_Truck	WV15176
Used	2020	Lincoln	Corsair	5LMCJ1C97LUL16673	World Hyundai of Matteson	Grey	Used 2020 Lincoln Corsair	4	AWD	$23,900	Gasoline	Dealer	https://storage.googleapis.com/wackk-images-production-4f204ab/e90os3yuqf13anipwi0h4cxpf2q6	52975	$23,900.00	Used 2020 Lincoln Corsair Standard FWD	Automatic	Standard FWD	SUV	https://worldhyundaimatteson.com/inventory/--Lincoln-5LMCJ1C97LUL16673	Car_Truck	WV15147
Used	2020	Lincoln	Nautilus	2LMPJ8K93LBL35441	World Hyundai of Matteson	Brown	Used 2020 Lincoln Nautilus	4	FWD	$29,599	Gasoline	Dealer	https://storage.googleapis.com/wackk-images-production-4f204ab/9d22k2l7g7rhaunrqsv41q74dpjy	46504	$29,599.00	Used 2020 Lincoln Nautilus Reserve AWD	Automatic	Reserve AWD	SUV	https://worldhyundaimatteson.com/inventory/--Lincoln-2LMPJ8K93LBL35441	Car_Truck	WV15123
Used	2021	Audi	Q8	WA1FVAF11MD017724	World Hyundai of Matteson	White	Used 2021 Audi Q8	4	AWD	$44,500	Gasoline	Stock	https://storage.googleapis.com/wackk-images-production-4f204ab/kobt4meo6kshfl2739321pzd1kf3	67662	$44,500.00	Used 2021 Audi Q8 Prestige 55 TFSI quattro	Automatic	Prestige 55 TFSI quattro	SUV	https://worldhyundaimatteson.com/inventory/--Audi-WA1FVAF11MD017724	Car_Truck	15357A
Used	2021	Buick	Envision	LRBAZLR45MD108726	World Hyundai of Matteson	Brown	Used 2021 Buick Envision	4	FWD	$23,900	Gasoline	Dealer	https://storage.googleapis.com/wackk-images-production-4f204ab/dk9lpu74ggpj8q88n2bc5za8pn62	15334	$23,900.00	Used 2021 Buick Envision FWD 4dr Preferred	Automatic	FWD 4dr Preferred	SUV	https://worldhyundaimatteson.com/inventory/--Buick-LRBAZLR45MD108726	Car_Truck	KV5530
Used	2021	Chevrolet	Trailblazer	KL79MPS20MB156887	World Hyundai of Matteson	Grey	Used 2021 Chevrolet Trailblazer	4	FWD		Gasoline	Dealer	https://storage.googleapis.com/wackk-images-production-4f204ab/e90os3yuqf13anipwi0h4cxpf2q6	76918		Used 2021 Chevrolet Trailblazer FWD 4dr LT	Automatic	FWD 4dr LT	SUV	https://worldhyundaimatteson.com/inventory/--Chevrolet-KL79MPS20MB156887	Car_Truck	WV15173
Used	2021	Chevrolet	Trailblazer	KL79MPSL3MB059840	World Hyundai of Matteson	Grey	Used 2021 Chevrolet Trailblazer	4	AWD		Gasoline	Dealer	https://storage.googleapis.com/wackk-images-production-4f204ab/e90os3yuqf13anipwi0h4cxpf2q6	73972		Used 2021 Chevrolet Trailblazer FWD 4dr LT	Automatic	FWD 4dr LT	SUV	https://worldhyundaimatteson.com/inventory/--Chevrolet-KL79MPSL3MB059840	Car_Truck	WV15177
Used	2021	Ford	Edge	2FMPK4J90MBA52791	World Hyundai of Matteson	Blue	Used 2021 Ford Edge	4	AWD	$24,700	Gasoline	Dealer	https://storage.googleapis.com/wackk-images-production-4f204ab/bery187wcz9zr7eujaxbwtrb1yui	52215	$24,700.00	Used 2021 Ford Edge value matchLevel none matchedWords	Automatic	value matchLevel none matchedWords	SUV	https://worldhyundaimatteson.com/inventory/--Ford-2FMPK4J90MBA52791	Car_Truck	WV15111
Used	2021	Ford	Edge	2FMPK4J91MBA03762	World Hyundai of Matteson	Grey	Used 2021 Ford Edge	4	AWD		Gasoline	Dealer	https://storage.googleapis.com/wackk-images-production-4f204ab/e90os3yuqf13anipwi0h4cxpf2q6	42929		Used 2021 Ford Edge value matchLevel none matchedWords	Automatic	value matchLevel none matchedWords	SUV	https://worldhyundaimatteson.com/inventory/--Ford-2FMPK4J91MBA03762	Car_Truck	WV15165
Used	2021	Ford	Edge	2FMPK4J94MBA46931	World Hyundai of Matteson	Red	Used 2021 Ford Edge	4	AWD		Gasoline	Stock	https://storage.googleapis.com/wackk-images-production-4f204ab/9l8ef4w1ayh8mtzej3el84691duj	31328		Used 2021 Ford Edge value matchLevel none matchedWords	Automatic	value matchLevel none matchedWords	SUV	https://worldhyundaimatteson.com/inventory/--Ford-2FMPK4J94MBA46931	Car_Truck	KV5568
Used	2021	Ford	Edge	2FMPK4J97MBA60726	World Hyundai of Matteson	Burgundy	Used 2021 Ford Edge	4	AWD		Gasoline	Dealer	https://storage.googleapis.com/wackk-images-production-4f204ab/96hxjwlpjbhfd1b8sqi28erx5syz	40507		Used 2021 Ford Edge value matchLevel none matchedWords	Automatic	value matchLevel none matchedWords	SUV	https://worldhyundaimatteson.com/inventory/--Ford-2FMPK4J97MBA60726	Car_Truck	WV15168
Used	2021	Ford	Escape	1FMCU0H67MUB24321	World Hyundai of Matteson	Red	Used 2021 Ford Escape	4	FWD	$21,900	Gasoline	Dealer	https://storage.googleapis.com/wackk-images-production-4f204ab/xlg5x41dh6h2oljfhvz4yumsul9r	11117	$21,900.00	Used 2021 Ford Escape SEL FWD	Automatic	SEL FWD	SUV	https://worldhyundaimatteson.com/inventory/--Ford-1FMCU0H67MUB24321	Car_Truck	WV15149
Used	2021	Ford	Escape	1FMCU9BZ8MUB02805	World Hyundai of Matteson	Grey	Used 2021 Ford Escape	4	4X4		Gasoline	Dealer	https://storage.googleapis.com/wackk-images-production-4f204ab/e90os3yuqf13anipwi0h4cxpf2q6	48941		Used 2021 Ford Escape SE Hybrid AWD	Automatic	SE Hybrid AWD	SUV	https://worldhyundaimatteson.com/inventory/--Ford-1FMCU9BZ8MUB02805	Car_Truck	WV15174
Used	2021	Ford	Escape	1FMCU9H98MUA86581	World Hyundai of Matteson	Blue	Used 2021 Ford Escape	4	4X4	$22,600	Gasoline	Dealer	https://storage.googleapis.com/wackk-images-production-4f204ab/akntf9o2vxs5cc7gzsnt2tb3vjxu	45027	$22,600.00	Used 2021 Ford Escape SEL AWD	Automatic	SEL AWD	SUV	https://worldhyundaimatteson.com/inventory/--Ford-1FMCU9H98MUA86581	Car_Truck	WV15112
Used	2021	Ford	Explorer	1FMSK8DHXMGB93672	World Hyundai of Matteson	Grey	Used 2021 Ford Explorer	4	RWD		Gasoline	Dealer	https://storage.googleapis.com/wackk-images-production-4f204ab/e90os3yuqf13anipwi0h4cxpf2q6	60211		Used 2021 Ford Explorer XLT 4WD	Automatic	XLT 4WD	SUV	https://worldhyundaimatteson.com/inventory/--Ford-1FMSK8DHXMGB93672	Car_Truck	WV15166
Used	2021	Ford	F-150	1FTFW1ED9MFC90042	World Hyundai of Matteson	White	Used 2021 Ford F-150	4	4X4	$39,999	Gasoline	Dealer	https://storage.googleapis.com/wackk-images-production-4f204ab/e1oq6fg1jffee1sfyc9acf8wko32	41523	$39,999.00	Used 2021 Ford F-150 value matchLevel none matchedWords	Automatic	value matchLevel none matchedWords	Truck	https://worldhyundaimatteson.com/inventory/--Ford-1FTFW1ED9MFC90042	Car_Truck	WK15091
Used	2021	Genesis	G70	KMTG44LA3MU075175	World Hyundai of Matteson	Grey	Used 2021 Genesis G70	4	AWD	$25,900	Gasoline	Dealer	https://storage.googleapis.com/wackk-images-production-4f204ab/u0ozbkqy9qfz5f1jkxsviwm5p4ao	78032	$25,900.00	Used 2021 Genesis G70 2.0T AWD	Automatic	2.0T AWD	Sedan	https://worldhyundaimatteson.com/inventory/--Genesis-KMTG44LA3MU075175	Car_Truck	DT15464A
Used	2021	Gmc	Terrain	3GKALMEV7ML342985	World Hyundai of Matteson	Brown	Used 2021 Gmc Terrain	4	FWD	$19,799	Gasoline	Dealer	https://storage.googleapis.com/wackk-images-production-4f204ab/7ikcvewvtu30qxbhttts76cxkq43	83750	$19,799.00	Used 2021 Gmc Terrain FWD 4dr SLE	Automatic	FWD 4dr SLE	SUV	https://worldhyundaimatteson.com/inventory/--Gmc-3GKALMEV7ML342985	Car_Truck	KV5482
Used	2021	Gmc	Terrain	3GKALPEV4ML333565	World Hyundai of Matteson	Black	Used 2021 Gmc Terrain	4	FWD	$23,900	Gasoline	Dealer	https://storage.googleapis.com/wackk-images-production-4f204ab/xfclvqraf1zibvmap2klp5b8gdzc	24370	$23,900.00	Used 2021 Gmc Terrain FWD 4dr SLT	Automatic	FWD 4dr SLT	SUV	https://worldhyundaimatteson.com/inventory/--Gmc-3GKALPEV4ML333565	Car_Truck	WV14552
Used	2021	Hyundai	Kona	KM8K5CA59MU743479	World Hyundai of Matteson	Grey	Used 2021 Hyundai Kona	4	AWD		Gasoline	Dealer	https://storage.googleapis.com/wackk-images-production-4f204ab/e90os3yuqf13anipwi0h4cxpf2q6	69445		Used 2021 Hyundai Kona Ultimate DCT AWD	Automatic	Ultimate DCT AWD	SUV	https://worldhyundaimatteson.com/inventory/--Hyundai-KM8K5CA59MU743479	Car_Truck	26468A
Used	2021	Hyundai	Santa Fe	5NMS5DAL7MH354033	World Hyundai of Matteson	Grey	Used 2021 Hyundai Santa Fe	4	AWD	$28,900	Gasoline	Dealer	https://storage.googleapis.com/wackk-images-production-4f204ab/njqijcm151xpk81ow4rbympms3mq	39137	$28,900.00	Used 2021 Hyundai Santa Fe Calligraphy AWD	Automatic	Calligraphy AWD	SUV	https://worldhyundaimatteson.com/inventory/--Hyundai-5NMS5DAL7MH354033	Car_Truck	15137A
Used	2021	Hyundai	Tucson	KM8J3CALXMU367486	World Hyundai of Matteson	Grey	Used 2021 Hyundai Tucson	4	FWD	$25,500	Gasoline	Dealer	https://storage.googleapis.com/wackk-images-production-4f204ab/iuw448cya8pdh8o92jmjjaatwi11	23362	$25,500.00	Used 2021 Hyundai Tucson Ultimate AWD	Automatic	Ultimate AWD	SUV	https://worldhyundaimatteson.com/inventory/--Hyundai-KM8J3CALXMU367486	Car_Truck	WV15124
Used	2021	Jeep	Cherokee	1C4PJMMX2MD217476	World Hyundai of Matteson	Black	Used 2021 Jeep Cherokee	4	FWD	$22,900	Gasoline	Dealer	https://storage.googleapis.com/wackk-images-production-4f204ab/y6znpeprp00qd65ehsj55cfl63we	39532	$22,900.00	Used 2021 Jeep Cherokee Latitude Lux 4x4	Automatic	Latitude Lux 4x4	SUV	https://worldhyundaimatteson.com/inventory/--Jeep-1C4PJMMX2MD217476	Car_Truck	KV5492
Used	2021	Jeep	Grand Cherokee	1C4RJFBGXMC507512	World Hyundai of Matteson	Brown	Used 2021 Jeep Grand Cherokee	4	4X4	$27,099	Gasoline	Dealer	https://storage.googleapis.com/wackk-images-production-4f204ab/2nzvbance45955pn7fg9fvux4jwq	56364	$27,099.00	Used 2021 Jeep Grand Cherokee Limited 4x4	Automatic	Limited 4x4	SUV	https://worldhyundaimatteson.com/inventory/--Jeep-1C4RJFBGXMC507512	Car_Truck	WV15125
Used	2021	Kia	K5	5XXG64J22MG062931	World Hyundai of Matteson	Black	Used 2021 Kia K5	4	FWD	$23,600	Gasoline	Stock	https://storage.googleapis.com/wackk-images-production-4f204ab/qsv5z6ajs6rg3hr82r21et5h6kof	42259	$23,600.00	Used 2021 Kia K5 GT-Line Auto FWD	Automatic	GT-Line Auto FWD	Sedan	https://worldhyundaimatteson.com/inventory/--Kia-5XXG64J22MG062931	Car_Truck	DT15592A
Used	2021	Kia	Telluride	5XYP24HC6MG111246	World Hyundai of Matteson	Blue	Used 2021 Kia Telluride	4	AWD		Gasoline	Stock	https://storage.googleapis.com/wackk-images-production-4f204ab/q852n6dt99b8mnv7cpzxsqtquovk	30448		Used 2021 Kia Telluride LX FWD	Automatic	LX FWD	SUV	https://worldhyundaimatteson.com/inventory/--Kia-5XYP24HC6MG111246	Car_Truck	12135A
Used	2021	Kia	Telluride	5XYP5DHC4MG101192	World Hyundai of Matteson	White	Used 2021 Kia Telluride	4	AWD	$35,900	Gasoline	Stock	https://storage.googleapis.com/wackk-images-production-4f204ab/f7t2vm08xhezf2vim5ab0b17fmh5	47844	$35,900.00	Used 2021 Kia Telluride SX AWD	Automatic	SX AWD	SUV	https://worldhyundaimatteson.com/inventory/--Kia-5XYP5DHC4MG101192	Car_Truck	DT15591A
Used	2021	Kia	Telluride	5XYP5DHC8MG126015	World Hyundai of Matteson	Brown	Used 2021 Kia Telluride	4	AWD	$29,900	Gasoline	Dealer	https://storage.googleapis.com/wackk-images-production-4f204ab/6rep2mip229ade2gl3t0vvxai1l7	94055	$29,900.00	Used 2021 Kia Telluride SX AWD	Automatic	SX AWD	SUV	https://worldhyundaimatteson.com/inventory/--Kia-5XYP5DHC8MG126015	Car_Truck	DT15564A
Used	2021	Lincoln	Corsair	5LMCJ1C91MUL01376	World Hyundai of Matteson	Burgundy	Used 2021 Lincoln Corsair	4	FWD	$26,900	Gasoline	Dealer	https://storage.googleapis.com/wackk-images-production-4f204ab/cbnhdum9gvx95o07a9xi35aizujl	31145	$26,900.00	Used 2021 Lincoln Corsair Standard FWD	Automatic	Standard FWD	SUV	https://worldhyundaimatteson.com/inventory/--Lincoln-5LMCJ1C91MUL01376	Car_Truck	KV5534
Used	2021	Nissan	Murano	5N1AZ2CS7MC114502	World Hyundai of Matteson	Grey	Used 2021 Nissan Murano	4	AWD		Gasoline	Dealer	https://storage.googleapis.com/wackk-images-production-4f204ab/e90os3yuqf13anipwi0h4cxpf2q6	46964		Used 2021 Nissan Murano AWD SL	Automatic	AWD SL	SUV	https://worldhyundaimatteson.com/inventory/--Nissan-5N1AZ2CS7MC114502	Car_Truck	WV15171
Used	2021	Nissan	Rogue	5N1AT3BB6MC699730	World Hyundai of Matteson	Grey	Used 2021 Nissan Rogue	4	AWD	$22,500	Gasoline	Dealer	https://storage.googleapis.com/wackk-images-production-4f204ab/2vl9urnrdarfejnqjc1ebfu3g330	29858	$22,500.00	Used 2021 Nissan Rogue AWD SV	Automatic	AWD SV	SUV	https://worldhyundaimatteson.com/inventory/--Nissan-5N1AT3BB6MC699730	Car_Truck	WV15120
Used	2021	Nissan	Rogue	5N1AT3BBXMC770640	World Hyundai of Matteson	Blue	Used 2021 Nissan Rogue	4	AWD	$21,900	Gasoline	Dealer	https://storage.googleapis.com/wackk-images-production-4f204ab/4avaloyc3vhkjtdcr70wlfvlgjcu	66435	$21,900.00	Used 2021 Nissan Rogue AWD SV	Automatic	AWD SV	SUV	https://worldhyundaimatteson.com/inventory/--Nissan-5N1AT3BBXMC770640	Car_Truck	KV5540
Used	2021	Nissan	Rogue	JN8AT3BB6MW222237	World Hyundai of Matteson	Blue	Used 2021 Nissan Rogue	4	AWD	$23,500	Gasoline	Dealer	https://storage.googleapis.com/wackk-images-production-4f204ab/1qc4r9ba477eguq4gbv8mz38uktg	18108	$23,500.00	Used 2021 Nissan Rogue AWD SV	Automatic	AWD SV	SUV	https://worldhyundaimatteson.com/inventory/--Nissan-JN8AT3BB6MW222237	Car_Truck	KV5529
Used	2021	Toyota	Prius Prime	JTDKAMFP7M3166618	World Hyundai of Matteson	White	Used 2021 Toyota Prius Prime	4	FWD		Electric	Dealer	https://storage.googleapis.com/wackk-images-production-4f204ab/eb6w4hihfr14823ejjumv0f9eif4	70829		Used 2021 Toyota Prius Prime LE	CVT CVT	LE	Hatchback	https://worldhyundaimatteson.com/inventory/--Toyota-JTDKAMFP7M3166618	Car_Truck	WV15159
Used	2021	Volkswagen	Arteon	WVWTR7AN4ME006754	World Hyundai of Matteson	Grey	Used 2021 Volkswagen Arteon	4	AWD	$24,900	Gasoline	Dealer	https://storage.googleapis.com/wackk-images-production-4f204ab/ujidyamf8pkvzdj6fugl3woo9ng4	75532	$24,900.00	Used 2021 Volkswagen Arteon SEL Premium R-Line 4MOTION	Automatic	SEL Premium R-Line 4MOTION	Sedan	https://worldhyundaimatteson.com/inventory/--Volkswagen-WVWTR7AN4ME006754	Car_Truck	WV15153
Used	2022	Chevrolet	Malibu	1G1ZD5ST6NF179982	World Hyundai of Matteson	Grey	Used 2022 Chevrolet Malibu	4	FWD	$19,500	Gasoline	Dealer	https://storage.googleapis.com/wackk-images-production-4f204ab/zim4mg5ennn8njeb6jx13pfkhqdl	44465	$19,500.00	Used 2022 Chevrolet Malibu 4dr Sdn LT	Automatic	4dr Sdn LT	Sedan	https://worldhyundaimatteson.com/inventory/--Chevrolet-1G1ZD5ST6NF179982	Car_Truck	KV5566
Used	2022	Ford	Ecosport	MAJ6S3FL7NC471775	World Hyundai of Matteson	Grey	Used 2022 Ford Ecosport	4	4X4		Gasoline	Dealer	https://storage.googleapis.com/wackk-images-production-4f204ab/kkvpf1vd3ju730xoozkbq2o65umi	69251		Used 2022 Ford Ecosport S 4WD	Automatic	S 4WD	Hatchback	https://worldhyundaimatteson.com/inventory/--Ford-MAJ6S3FL7NC471775	Car_Truck	WV15169
Used	2022	Ford	Escape	1FMCU9G65NUA95196	World Hyundai of Matteson	Blue	Used 2022 Ford Escape	4	4X4	$23,500	Gasoline	Dealer	https://storage.googleapis.com/wackk-images-production-4f204ab/1bhl7gztjukg5el7551viejccg7v	20208	$23,500.00	Used 2022 Ford Escape SE AWD	Automatic	SE AWD	SUV	https://worldhyundaimatteson.com/inventory/--Ford-1FMCU9G65NUA95196	Car_Truck	WV15110
Used	2022	Ford	Escape	1FMCU9G69NUB25672	World Hyundai of Matteson	Grey	Used 2022 Ford Escape	4	4X4		Gasoline	Dealer	https://storage.googleapis.com/wackk-images-production-4f204ab/e90os3yuqf13anipwi0h4cxpf2q6	16350		Used 2022 Ford Escape SE AWD	Automatic	SE AWD	SUV	https://worldhyundaimatteson.com/inventory/--Ford-1FMCU9G69NUB25672	Car_Truck	WV15167
Used	2022	Honda	Civic Sedan	2HGFE1F75NH320862	World Hyundai of Matteson	Red	Used 2022 Honda Civic Sedan	4	FWD		Gasoline	Dealer	https://storage.googleapis.com/wackk-images-production-4f204ab/v9ju6z4ju9dsqi2spoict20g022y	27337		Used 2022 Honda Civic Sedan EX CVT	Automatic	EX CVT	Sedan	https://worldhyundaimatteson.com/inventory/--Honda-2HGFE1F75NH320862	Car_Truck	WV15172
Used	2022	Hyundai	Palisade	KM8R4DHE3NU426019	World Hyundai of Matteson	Grey	Used 2022 Hyundai Palisade	4	AWD		Gasoline	Dealer	https://storage.googleapis.com/wackk-images-production-4f204ab/e90os3yuqf13anipwi0h4cxpf2q6	8852		Used 2022 Hyundai Palisade SEL AWD	Automatic	SEL AWD	SUV	https://worldhyundaimatteson.com/inventory/--Hyundai-KM8R4DHE3NU426019	Car_Truck	26233A
Used	2022	Hyundai	Palisade	KM8R5DHE0NU430946	World Hyundai of Matteson	White	Used 2022 Hyundai Palisade	4	AWD	$38,900	Gasoline	Dealer	https://storage.googleapis.com/wackk-images-production-4f204ab/zz16nxqhq452pdqnebeovrv3to4d	31418	$38,900.00	Used 2022 Hyundai Palisade Limited AWD	Automatic	Limited AWD	SUV	https://worldhyundaimatteson.com/inventory/--Hyundai-KM8R5DHE0NU430946	Car_Truck	WV15141
Used	2022	Hyundai	Tucson	5NMJACAE8NH032196	World Hyundai of Matteson	Grey	Used 2022 Hyundai Tucson	4	AWD	$20,999	Gasoline	Dealer	https://storage.googleapis.com/wackk-images-production-4f204ab/e90os3yuqf13anipwi0h4cxpf2q6	23209	$20,999.00	Used 2022 Hyundai Tucson SE AWD *Ltd Avail*	Automatic	SE AWD *Ltd Avail*	SUV	https://worldhyundaimatteson.com/inventory/--Hyundai-5NMJACAE8NH032196	Car_Truck	27138A
Used	2022	Hyundai	Tucson	5NMJBCAEXNH071871	World Hyundai of Matteson	Grey	Used 2022 Hyundai Tucson	4	AWD		Gasoline	Dealer	https://storage.googleapis.com/wackk-images-production-4f204ab/e90os3yuqf13anipwi0h4cxpf2q6	22973		Used 2022 Hyundai Tucson SEL AWD	Automatic	SEL AWD	SUV	https://worldhyundaimatteson.com/inventory/--Hyundai-5NMJBCAEXNH071871	Car_Truck	27227A
Used	2022	Infiniti	Qx60	5N1DL1GS8NC330329	World Hyundai of Matteson	White	Used 2022 Infiniti Qx60	4	FWD	$42,900	Gasoline	Stock	https://storage.googleapis.com/wackk-images-production-4f204ab/gn6g4r6sarx1hf063enwfb7b3ja6	29163	$42,900.00	Used 2022 Infiniti Qx60 SENSORY AWD	Automatic	SENSORY AWD	SUV	https://worldhyundaimatteson.com/inventory/--Infiniti-5N1DL1GS8NC330329	Car_Truck	14672A
Used	2022	Kia	Forte	3KPF24AD0NE458732	World Hyundai of Matteson	Grey	Used 2022 Kia Forte	4	FWD	$16,900	Gasoline	Stock	https://storage.googleapis.com/wackk-images-production-4f204ab/r97216vxjnuovietvmqj15hmpk4c	51807	$16,900.00	Used 2022 Kia Forte LXS IVT	CVT CVT	LXS IVT	Sedan	https://worldhyundaimatteson.com/inventory/--Kia-3KPF24AD0NE458732	Car_Truck	14441A
Used	2022	Kia	Forte	3KPF24AD2NE442855	World Hyundai of Matteson	Green	Used 2022 Kia Forte	4	FWD	$18,900	Gasoline	Dealer	https://storage.googleapis.com/wackk-images-production-4f204ab/hb64jc40106l5b926stsjldsawh2	14437	$18,900.00	Used 2022 Kia Forte LXS IVT	Manual	LXS IVT	Sedan	https://worldhyundaimatteson.com/inventory/--Kia-3KPF24AD2NE442855	Car_Truck	15549A
Used	2022	Kia	K5	5XXG14J21NG107759	World Hyundai of Matteson	Orange	Used 2022 Kia K5	4	FWD	$20,999	Gasoline	Dealer	https://storage.googleapis.com/wackk-images-production-4f204ab/m3tdgub5109rrh0j04nba3c6h1cl	36559	$20,999.00	Used 2022 Kia K5 LXS Auto FWD	Automatic	LXS Auto FWD	Sedan	https://worldhyundaimatteson.com/inventory/--Kia-5XXG14J21NG107759	Car_Truck	DT15551A
Used	2022	Kia	Niro Ev	KNDCC3LG5N5141803	World Hyundai of Matteson	Brown	Used 2022 Kia Niro Ev	4	FWD	$18,500	Electric	Dealer	https://storage.googleapis.com/wackk-images-production-4f204ab/mg4h4nmah95czehttaoc9iqe34as	66093	$18,500.00	Used 2022 Kia Niro Ev EX FWD	Automatic	EX FWD	SUV	https://worldhyundaimatteson.com/inventory/--Kia-KNDCC3LG5N5141803	Car_Truck	KV5563
Used	2022	Kia	Telluride	5XYP2DHC3NG249330	World Hyundai of Matteson	White	Used 2022 Kia Telluride	4	AWD		Gasoline	Stock	https://storage.googleapis.com/wackk-images-production-4f204ab/hp8g9aicpzf8pclieho7x20hrgkz	48014		Used 2022 Kia Telluride LX AWD	Automatic	LX AWD	SUV	https://worldhyundaimatteson.com/inventory/--Kia-5XYP2DHC3NG249330	Car_Truck	15570A
Used	2022	Kia	Telluride	5XYP34HC5NG289793	World Hyundai of Matteson	Brown	Used 2022 Kia Telluride	4	AWD	$35,900	Gasoline	Stock	https://storage.googleapis.com/wackk-images-production-4f204ab/6uu1m8z25x9wsvzr9kzigg4v2rwh	27019	$35,900.00	Used 2022 Kia Telluride EX FWD	Automatic	EX FWD	SUV	https://worldhyundaimatteson.com/inventory/--Kia-5XYP34HC5NG289793	Car_Truck	15263A
Used	2022	Kia	Telluride	5XYP3DHC1NG203900	World Hyundai of Matteson	White	Used 2022 Kia Telluride	4	AWD	$37,900	Gasoline	Dealer	https://storage.googleapis.com/wackk-images-production-4f204ab/vedwtwvdpg40egy4kekdofq6yxp7	17681	$37,900.00	Used 2022 Kia Telluride EX AWD	Automatic	EX AWD	SUV	https://worldhyundaimatteson.com/inventory/--Kia-5XYP3DHC1NG203900	Car_Truck	15355A
Used	2022	Kia	Telluride	5XYP3DHC3NG231620	World Hyundai of Matteson	Brown	Used 2022 Kia Telluride	4	AWD	$35,900	Gasoline	Dealer	https://storage.googleapis.com/wackk-images-production-4f204ab/cfgedmucldxc891pm81piizpmprv	43347	$35,900.00	Used 2022 Kia Telluride EX AWD	Automatic	EX AWD	SUV	https://worldhyundaimatteson.com/inventory/--Kia-5XYP3DHC3NG231620	Car_Truck	15217A
Used	2022	Kia	Telluride	5XYP5DHC5NG260403	World Hyundai of Matteson	Grey	Used 2022 Kia Telluride	4	AWD	$40,999	Gasoline	Dealer	https://storage.googleapis.com/wackk-images-production-4f204ab/gul6zer594i2nx976siam5ku4wyi	40429	$40,999.00	Used 2022 Kia Telluride SX AWD	Automatic	SX AWD	SUV	https://worldhyundaimatteson.com/inventory/--Kia-5XYP5DHC5NG260403	Car_Truck	14864A
Used	2022	Kia	Telluride	5XYP6DHC4NG312150	World Hyundai of Matteson	Grey	Used 2022 Kia Telluride	4	AWD	$33,900	Gasoline	Dealer	https://storage.googleapis.com/wackk-images-production-4f204ab/6l3lo6hm16ufc5lf1tptsggqi28i	52641	$33,900.00	Used 2022 Kia Telluride S AWD	Automatic	S AWD	SUV	https://worldhyundaimatteson.com/inventory/--Kia-5XYP6DHC4NG312150	Car_Truck	15394A
Used	2022	Nissan	Titan Xd	1N6AA1FA0NN107113	World Hyundai of Matteson	Grey	Used 2022 Nissan Titan Xd	4	4X4	$33,900	Gasoline	Dealer	https://storage.googleapis.com/wackk-images-production-4f204ab/rc2r5b0cobsdoh1egulq0jzy56tm	30247	$33,900.00	Used 2022 Nissan Titan Xd 4x4 Crew Cab SV	Automatic	4x4 Crew Cab SV	Truck	https://worldhyundaimatteson.com/inventory/--Nissan-1N6AA1FA0NN107113	Car_Truck	KV5526
Used	2022	Toyota	Camry	4T1G11AK7NU669220	World Hyundai of Matteson	Grey	Used 2022 Toyota Camry	4	FWD		Gasoline	Stock	https://storage.googleapis.com/wackk-images-production-4f204ab/q8kl5p5a7g33gn7vb8g5qtn4de5n	19186		Used 2022 Toyota Camry SE Auto	Automatic	SE Auto	Sedan	https://worldhyundaimatteson.com/inventory/--Toyota-4T1G11AK7NU669220	Car_Truck	kv4958
Used	2023	Audi	Q5	WA1GAAFYXP2003706	World Hyundai of Matteson	White	Used 2023 Audi Q5	4	AWD	$35,900	Gasoline	Dealer	https://storage.googleapis.com/wackk-images-production-4f204ab/5jn3gjoeut7ejm4udirqqvur6p7s	17650	$35,900.00	Used 2023 Audi Q5 S line Premium 45 TFSI quattro	Automatic	S line Premium 45 TFSI quattro	SUV	https://worldhyundaimatteson.com/inventory/--Audi-WA1GAAFYXP2003706	Car_Truck	DT27212A
Used	2023	Chevrolet	Equinox	3GNAXTEG7PS178716	World Hyundai of Matteson	White	Used 2023 Chevrolet Equinox	4	AWD	$23,850	Gasoline	Dealer	https://storage.googleapis.com/wackk-images-production-4f204ab/8beftg6flkoy66cub5uxicwjggcl	16511	$23,850.00	Used 2023 Chevrolet Equinox AWD 4dr LT w/2FL	Automatic	AWD 4dr LT w/2FL	SUV	https://worldhyundaimatteson.com/inventory/--Chevrolet-3GNAXTEG7PS178716	Car_Truck	KV5506
Used	2023	Chevrolet	Equinox	3GNAXTEG9PS166180	World Hyundai of Matteson	Grey	Used 2023 Chevrolet Equinox	4	AWD	$23,900	Gasoline	Dealer	https://storage.googleapis.com/wackk-images-production-4f204ab/e90os3yuqf13anipwi0h4cxpf2q6	17532	$23,900.00	Used 2023 Chevrolet Equinox AWD 4dr LT w/2FL	Automatic	AWD 4dr LT w/2FL	SUV	https://worldhyundaimatteson.com/inventory/--Chevrolet-3GNAXTEG9PS166180	Car_Truck	WV15113
Used	2023	Chevrolet	Malibu	1G1ZD5ST4PF244492	World Hyundai of Matteson	Grey	Used 2023 Chevrolet Malibu	4	FWD	$20,500	Gasoline	Dealer	https://storage.googleapis.com/wackk-images-production-4f204ab/iyytoyicbxophwo2msqkbj51u87g	21612	$20,500.00	Used 2023 Chevrolet Malibu 4dr Sdn 1LT	Automatic	4dr Sdn 1LT	Sedan	https://worldhyundaimatteson.com/inventory/--Chevrolet-1G1ZD5ST4PF244492	Car_Truck	KV5567
Used	2023	Chevrolet	Malibu	1G1ZG5STXPF155145	World Hyundai of Matteson	Brown	Used 2023 Chevrolet Malibu	4	FWD	$22,900	Gasoline	Dealer	https://storage.googleapis.com/wackk-images-production-4f204ab/0fht3eqtg31j7fexomd08jl7p8fd	24564	$22,900.00	Used 2023 Chevrolet Malibu 4dr Sdn RS	Automatic	4dr Sdn RS	Sedan	https://worldhyundaimatteson.com/inventory/--Chevrolet-1G1ZG5STXPF155145	Car_Truck	KV5558
Used	2023	Chevrolet	Trailblazer	KL79MMS25PB204368	World Hyundai of Matteson	Grey	Used 2023 Chevrolet Trailblazer	4	FWD	$23,600	Gasoline	Dealer	https://storage.googleapis.com/wackk-images-production-4f204ab/jbeazejxebjsg77e9pxna32tsusf	4290	$23,600.00	Used 2023 Chevrolet Trailblazer FWD 4dr LS	Automatic	FWD 4dr LS	SUV	https://worldhyundaimatteson.com/inventory/--Chevrolet-KL79MMS25PB204368	Car_Truck	WV15118
Used	2023	Hyundai	Elantra	KMHLM4AG4PU628730	World Hyundai of Matteson	Grey	Used 2023 Hyundai Elantra	4	FWD		Gasoline	Dealer	https://storage.googleapis.com/wackk-images-production-4f204ab/e90os3yuqf13anipwi0h4cxpf2q6	10782		Used 2023 Hyundai Elantra SEL IVT	Automatic	SEL IVT	Sedan	https://worldhyundaimatteson.com/inventory/--Hyundai-KMHLM4AG4PU628730	Car_Truck	26638A
Used	2023	Hyundai	Palisade	KM8R4DGE9PU488710	World Hyundai of Matteson	Grey	Used 2023 Hyundai Palisade	4	AWD	$37,900	Gasoline	Dealer	https://storage.googleapis.com/wackk-images-production-4f204ab/omqkt6qxo8xniw2cdyt4tvxkhkow	37983	$37,900.00	Used 2023 Hyundai Palisade SEL AWD	Automatic	SEL AWD	SUV	https://worldhyundaimatteson.com/inventory/--Hyundai-KM8R4DGE9PU488710	Car_Truck	26312A
Used	2023	Kia	Forte	3KPF24AD2PE685200	World Hyundai of Matteson	White	Used 2023 Kia Forte	4	FWD	$21,610	Gasoline	Dealer	https://storage.googleapis.com/wackk-images-production-4f204ab/fcx2p8t2k7z6shqk4395mv3n4w4a	15150	$21,610.00	Used 2023 Kia Forte LXS IVT	CVT CVT	LXS IVT	Sedan	https://worldhyundaimatteson.com/inventory/--Kia-3KPF24AD2PE685200	Car_Truck	15239A
Used	2023	Kia	Forte	3KPF24AD6PE628918	World Hyundai of Matteson	Grey	Used 2023 Kia Forte	4	FWD	$19,500	Gasoline	Stock	https://storage.googleapis.com/wackk-images-production-4f204ab/z8y4ohm00b6vwvdjqqudywngxqv4	6532	$19,500.00	Used 2023 Kia Forte LXS IVT	CVT CVT	LXS IVT	Sedan	https://worldhyundaimatteson.com/inventory/--Kia-3KPF24AD6PE628918	Car_Truck	14729A
Used	2023	Nissan	Altima	1N4BL4DW3PN411983	World Hyundai of Matteson	White	Used 2023 Nissan Altima	4	FWD	$22,900	Gasoline	Dealer	https://storage.googleapis.com/wackk-images-production-4f204ab/igz296taxa2248dhfxmd5vlo8nld	26547	$22,900.00	Used 2023 Nissan Altima 2.5 SV AWD Sedan	Automatic	2.5 SV AWD Sedan	Sedan	https://worldhyundaimatteson.com/inventory/--Nissan-1N4BL4DW3PN411983	Car_Truck	KV5542
Used	2024	Hyundai	Elantra	KMHLS4DG6RU660213	World Hyundai of Matteson	White	Used 2024 Hyundai Elantra	4	FWD	$23,900	Gasoline	Dealer	https://storage.googleapis.com/wackk-images-production-4f204ab/8a7irvttc5z8cq44be10gpdjl049	16939	$23,900.00	Used 2024 Hyundai Elantra SEL IVT	Automatic	SEL IVT	Sedan	https://worldhyundaimatteson.com/inventory/--Hyundai-KMHLS4DG6RU660213	Car_Truck	WV15157
Used	2024	Kia	Telluride	5XYP5DGC5RG458731	World Hyundai of Matteson	Green	Used 2024 Kia Telluride	4	AWD	$51,859	Gasoline	Stock	https://storage.googleapis.com/wackk-images-production-4f204ab/1tdft9wyi0dh06v4j537neba24gx	8227	$51,859.00	Used 2024 Kia Telluride SX Prestige X-Pro AWD	Automatic	SX Prestige X-Pro AWD	SUV	https://worldhyundaimatteson.com/inventory/--Kia-5XYP5DGC5RG458731	Car_Truck	KV5435
Used	2024	Kia	Telluride	5XYP64GC0RG531159	World Hyundai of Matteson	Grey	Used 2024 Kia Telluride	4	AWD	$39,900	Gasoline	Dealer	https://storage.googleapis.com/wackk-images-production-4f204ab/2y7l7tzbbthugr6srbsc4g8vr6q3	40	$39,900.00	Used 2024 Kia Telluride S FWD	Automatic	S FWD	SUV	https://worldhyundaimatteson.com/inventory/--Kia-5XYP64GC0RG531159	Car_Truck	15218A
Used	2024	Nissan	Altima	1N4BL4DV3RN332064	World Hyundai of Matteson	Grey	Used 2024 Nissan Altima	4	AWD		Gasoline	Dealer	https://storage.googleapis.com/wackk-images-production-4f204ab/vqsdn218hvrasw302ilwp1su3tst	20804		Used 2024 Nissan Altima 2.5 SV Sedan	CVT CVT	2.5 SV Sedan	Sedan	https://worldhyundaimatteson.com/inventory/--Nissan-1N4BL4DV3RN332064	Car_Truck	WV15161
Used	2024	Nissan	Altima	1N4BL4DVXRN331977	World Hyundai of Matteson	Grey	Used 2024 Nissan Altima	4	AWD	$22,900	Gasoline	Dealer	https://storage.googleapis.com/wackk-images-production-4f204ab/0togtzouw4r3wa61qp6wm8goajup	32719	$22,900.00	Used 2024 Nissan Altima 2.5 SV Sedan	CVT CVT	2.5 SV Sedan	Sedan	https://worldhyundaimatteson.com/inventory/--Nissan-1N4BL4DVXRN331977	Car_Truck	KV5555
Used	2024	Volkswagen	Jetta	3VW7M7BU5RM018108	World Hyundai of Matteson	Grey	Used 2024 Volkswagen Jetta	4	FWD	$22,900	Gasoline	Dealer	https://storage.googleapis.com/wackk-images-production-4f204ab/nbki0inhkej0zn5thzw3vfy06eiv	9718	$22,900.00	Used 2024 Volkswagen Jetta SE Auto	Automatic	SE Auto	Sedan	https://worldhyundaimatteson.com/inventory/--Volkswagen-3VW7M7BU5RM018108	Car_Truck	KV5503